game_play,game_key,play_id,view,start_time,end_time,snap_time
58168_003392,58168,3392,Endzone,2020-09-11T03:01:43.134Z,2020-09-11T03:01:54.971Z,2020-09-11T03:01:48.134Z
58168_003392,58168,3392,Sideline,2020-09-11T03:01:43.134Z,2020-09-11T03:01:54.971Z,2020-09-11T03:01:48.134Z
58172_003247,58172,3247,Endzone,2020-09-13T19:30:42.414Z,2020-09-13T19:31:00.524Z,2020-09-13T19:30:47.414Z
58172_003247,58172,3247,Sideline,2020-09-13T19:30:42.414Z,2020-09-13T19:31:00.524Z,2020-09-13T19:30:47.414Z
58173_003606,58173,3606,Endzone,2020-09-13T19:45:07.527Z,2020-09-13T19:45:26.438Z,2020-09-13T19:45:12.527Z
58173_003606,58173,3606,Sideline,2020-09-13T19:45:07.527Z,2020-09-13T19:45:26.438Z,2020-09-13T19:45:12.527Z
58174_001792,58174,1792,Endzone,2020-09-13T18:11:38.532Z,2020-09-13T18:11:51.415Z,2020-09-13T18:11:43.532Z
58174_001792,58174,1792,Sideline,2020-09-13T18:11:38.532Z,2020-09-13T18:11:51.415Z,2020-09-13T18:11:43.532Z
58176_002844,58176,2844,Endzone,2020-09-13T19:10:15.684Z,2020-09-13T19:10:26.423Z,2020-09-13T19:10:20.684Z
58176_002844,58176,2844,Sideline,2020-09-13T19:10:15.684Z,2020-09-13T19:10:26.423Z,2020-09-13T19:10:20.684Z
58177_004239,58177,4239,Endzone,2020-09-13T20:09:11.307Z,2020-09-13T20:09:23.445Z,2020-09-13T20:09:16.306Z
58177_004239,58177,4239,Sideline,2020-09-13T20:09:11.307Z,2020-09-13T20:09:23.445Z,2020-09-13T20:09:16.306Z
58180_000986,58180,986,Endzone,2020-09-13T21:02:58.853Z,2020-09-13T21:03:16.295Z,2020-09-13T21:03:03.853Z
58180_000986,58180,986,Sideline,2020-09-13T21:02:58.853Z,2020-09-13T21:03:16.295Z,2020-09-13T21:03:03.853Z
58180_004644,58180,4644,Endzone,2020-09-13T23:28:24.245Z,2020-09-13T23:28:34.080Z,2020-09-13T23:28:29.245Z
58180_004644,58180,4644,Sideline,2020-09-13T23:28:24.245Z,2020-09-13T23:28:34.080Z,2020-09-13T23:28:29.245Z
58187_001341,58187,1341,Endzone,2020-09-20T17:54:57.267Z,2020-09-20T17:55:09.449Z,2020-09-20T17:55:02.267Z
58187_001341,58187,1341,Sideline,2020-09-20T17:54:57.267Z,2020-09-20T17:55:09.449Z,2020-09-20T17:55:02.267Z
58187_001383,58187,1383,Endzone,2020-09-20T17:56:10.307Z,2020-09-20T17:56:25.171Z,2020-09-20T17:56:15.307Z
58187_001383,58187,1383,Sideline,2020-09-20T17:56:10.307Z,2020-09-20T17:56:25.171Z,2020-09-20T17:56:15.307Z
58187_001691,58187,1691,Endzone,2020-09-20T18:08:47.230Z,2020-09-20T18:09:02.465Z,2020-09-20T18:08:52.230Z
58187_001691,58187,1691,Sideline,2020-09-20T18:08:47.230Z,2020-09-20T18:09:02.465Z,2020-09-20T18:08:52.230Z
58187_002329,58187,2329,Endzone,2020-09-20T18:46:37.200Z,2020-09-20T18:46:48.493Z,2020-09-20T18:46:42.200Z
58187_002329,58187,2329,Sideline,2020-09-20T18:46:37.200Z,2020-09-20T18:46:48.493Z,2020-09-20T18:46:42.200Z
58187_002815,58187,2815,Endzone,2020-09-20T19:10:34.437Z,2020-09-20T19:10:48.085Z,2020-09-20T19:10:39.437Z
58187_002815,58187,2815,Sideline,2020-09-20T19:10:34.437Z,2020-09-20T19:10:48.085Z,2020-09-20T19:10:39.437Z
58187_003092,58187,3092,Endzone,2020-09-20T19:21:53.583Z,2020-09-20T19:22:07.007Z,2020-09-20T19:21:58.583Z
58187_003092,58187,3092,Sideline,2020-09-20T19:21:53.583Z,2020-09-20T19:22:07.007Z,2020-09-20T19:21:58.583Z
58188_001358,58188,1358,Endzone,2020-09-20T17:55:39.789Z,2020-09-20T17:55:52.828Z,2020-09-20T17:55:44.789Z
58188_001358,58188,1358,Sideline,2020-09-20T17:55:39.789Z,2020-09-20T17:55:52.828Z,2020-09-20T17:55:44.789Z
58188_001757,58188,1757,Endzone,2020-09-20T18:10:21.905Z,2020-09-20T18:10:35.043Z,2020-09-20T18:10:26.905Z
58188_001757,58188,1757,Sideline,2020-09-20T18:10:21.905Z,2020-09-20T18:10:35.043Z,2020-09-20T18:10:26.905Z
58189_002566,58189,2566,Endzone,2020-09-20T19:33:04.187Z,2020-09-20T19:33:15.424Z,2020-09-20T19:33:09.187Z
58189_002566,58189,2566,Sideline,2020-09-20T19:33:04.187Z,2020-09-20T19:33:15.424Z,2020-09-20T19:33:09.187Z
58190_000309,58190,309,Endzone,2020-09-20T17:13:04.166Z,2020-09-20T17:13:16.059Z,2020-09-20T17:13:09.166Z
58190_000309,58190,309,Sideline,2020-09-20T17:13:04.166Z,2020-09-20T17:13:16.059Z,2020-09-20T17:13:09.166Z
58190_002259,58190,2259,Endzone,2020-09-20T18:49:00.189Z,2020-09-20T18:49:11.826Z,2020-09-20T18:49:05.189Z
58190_002259,58190,2259,Sideline,2020-09-20T18:49:00.189Z,2020-09-20T18:49:11.826Z,2020-09-20T18:49:05.189Z
58198_002514,58198,2514,Endzone,2020-09-21T02:19:41.445Z,2020-09-21T02:19:54.451Z,2020-09-21T02:19:46.445Z
58198_002514,58198,2514,Sideline,2020-09-21T02:19:41.445Z,2020-09-21T02:19:54.451Z,2020-09-21T02:19:46.445Z
58198_003771,58198,3771,Endzone,2020-09-21T03:15:08.272Z,2020-09-21T03:15:20.777Z,2020-09-21T03:15:13.272Z
58198_003771,58198,3771,Sideline,2020-09-21T03:15:08.272Z,2020-09-21T03:15:20.777Z,2020-09-21T03:15:13.272Z
58200_000058,58200,58,Endzone,2020-09-25T00:23:25.914Z,2020-09-25T00:23:39.186Z,2020-09-25T00:23:30.914Z
58200_000058,58200,58,Sideline,2020-09-25T00:23:25.914Z,2020-09-25T00:23:39.186Z,2020-09-25T00:23:30.914Z
58200_000736,58200,736,Endzone,2020-09-25T00:54:11.398Z,2020-09-25T00:54:24.804Z,2020-09-25T00:54:16.398Z
58200_000736,58200,736,Sideline,2020-09-25T00:54:11.398Z,2020-09-25T00:54:24.804Z,2020-09-25T00:54:16.398Z
58200_003925,58200,3925,Endzone,2020-09-25T03:22:37.150Z,2020-09-25T03:22:50.021Z,2020-09-25T03:22:42.150Z
58200_003925,58200,3925,Sideline,2020-09-25T03:22:37.150Z,2020-09-25T03:22:50.021Z,2020-09-25T03:22:42.150Z
58202_000170,58202,170,Endzone,2020-09-27T17:06:39.285Z,2020-09-27T17:06:51.376Z,2020-09-27T17:06:44.285Z
58202_000170,58202,170,Sideline,2020-09-27T17:06:39.285Z,2020-09-27T17:06:51.376Z,2020-09-27T17:06:44.285Z
58202_000546,58202,546,Endzone,2020-09-27T17:20:36.088Z,2020-09-27T17:20:47.388Z,2020-09-27T17:20:41.088Z
58202_000546,58202,546,Sideline,2020-09-27T17:20:36.088Z,2020-09-27T17:20:47.388Z,2020-09-27T17:20:41.088Z
58202_000758,58202,758,Endzone,2020-09-27T17:32:43.316Z,2020-09-27T17:32:54.619Z,2020-09-27T17:32:48.316Z
58202_000758,58202,758,Sideline,2020-09-27T17:32:43.316Z,2020-09-27T17:32:54.619Z,2020-09-27T17:32:48.316Z
58202_002335,58202,2335,Endzone,2020-09-27T18:50:35.254Z,2020-09-27T18:50:48.826Z,2020-09-27T18:50:40.254Z
58202_002335,58202,2335,Sideline,2020-09-27T18:50:35.254Z,2020-09-27T18:50:48.826Z,2020-09-27T18:50:40.254Z
58203_003141,58203,3141,Endzone,2020-09-27T19:16:57.082Z,2020-09-27T19:17:11.822Z,2020-09-27T19:17:02.082Z
58203_003141,58203,3141,Sideline,2020-09-27T19:16:57.082Z,2020-09-27T19:17:11.822Z,2020-09-27T19:17:02.082Z
58204_000790,58204,790,Endzone,2020-09-27T17:33:54.465Z,2020-09-27T17:34:10.440Z,2020-09-27T17:33:59.465Z
58204_000790,58204,790,Sideline,2020-09-27T17:33:54.465Z,2020-09-27T17:34:10.440Z,2020-09-27T17:33:59.465Z
58204_001073,58204,1073,Endzone,2020-09-27T17:50:48.579Z,2020-09-27T17:51:00.250Z,2020-09-27T17:50:53.579Z
58204_001073,58204,1073,Sideline,2020-09-27T17:50:48.579Z,2020-09-27T17:51:00.250Z,2020-09-27T17:50:53.579Z
58204_001094,58204,1094,Endzone,2020-09-27T17:51:23.281Z,2020-09-27T17:51:35.832Z,2020-09-27T17:51:28.281Z
58204_001094,58204,1094,Sideline,2020-09-27T17:51:23.281Z,2020-09-27T17:51:35.832Z,2020-09-27T17:51:28.281Z
58204_002822,58204,2822,Endzone,2020-09-27T19:16:50.308Z,2020-09-27T19:17:02.138Z,2020-09-27T19:16:55.308Z
58204_002822,58204,2822,Sideline,2020-09-27T19:16:50.308Z,2020-09-27T19:17:02.138Z,2020-09-27T19:16:55.308Z
58204_002864,58204,2864,Endzone,2020-09-27T19:18:08.052Z,2020-09-27T19:18:18.892Z,2020-09-27T19:18:13.052Z
58204_002864,58204,2864,Sideline,2020-09-27T19:18:08.052Z,2020-09-27T19:18:18.892Z,2020-09-27T19:18:13.052Z
58204_003581,58204,3581,Endzone,2020-09-27T19:47:21.572Z,2020-09-27T19:47:33.358Z,2020-09-27T19:47:26.572Z
58204_003581,58204,3581,Sideline,2020-09-27T19:47:21.572Z,2020-09-27T19:47:33.358Z,2020-09-27T19:47:26.572Z
58205_000809,58205,809,Endzone,2020-09-27T17:34:20.864Z,2020-09-27T17:34:32.702Z,2020-09-27T17:34:25.864Z
58205_000809,58205,809,Sideline,2020-09-27T17:34:20.864Z,2020-09-27T17:34:32.702Z,2020-09-27T17:34:25.864Z
58209_001445,58209,1445,Endzone,2020-09-27T21:05:38.131Z,2020-09-27T21:05:52.404Z,2020-09-27T21:05:43.131Z
58209_001445,58209,1445,Sideline,2020-09-27T21:05:38.131Z,2020-09-27T21:05:52.404Z,2020-09-27T21:05:43.131Z
58211_002891,58211,2891,Endzone,2020-09-27T22:29:56.302Z,2020-09-27T22:30:09.574Z,2020-09-27T22:30:01.302Z
58211_002891,58211,2891,Sideline,2020-09-27T22:29:56.302Z,2020-09-27T22:30:09.574Z,2020-09-27T22:30:01.302Z
58211_003268,58211,3268,Endzone,2020-09-27T22:46:33.333Z,2020-09-27T22:46:45.737Z,2020-09-27T22:46:38.333Z
58211_003268,58211,3268,Sideline,2020-09-27T22:46:33.333Z,2020-09-27T22:46:45.737Z,2020-09-27T22:46:38.333Z
58211_003628,58211,3628,Endzone,2020-09-27T23:01:43.843Z,2020-09-27T23:01:57.182Z,2020-09-27T23:01:48.843Z
58211_003628,58211,3628,Sideline,2020-09-27T23:01:43.843Z,2020-09-27T23:01:57.182Z,2020-09-27T23:01:48.843Z
58213_004027,58213,4027,Endzone,2020-09-27T23:19:47.785Z,2020-09-27T23:20:04.227Z,2020-09-27T23:19:52.785Z
58213_004027,58213,4027,Sideline,2020-09-27T23:19:47.785Z,2020-09-27T23:20:04.227Z,2020-09-27T23:19:52.785Z
58215_002887,58215,2887,Endzone,2020-09-29T02:17:58.283Z,2020-09-29T02:18:10.354Z,2020-09-29T02:18:03.283Z
58215_002887,58215,2887,Sideline,2020-09-29T02:17:58.283Z,2020-09-29T02:18:10.354Z,2020-09-29T02:18:03.283Z
58216_001891,58216,1891,Endzone,2020-10-02T01:42:52.529Z,2020-10-02T01:43:03.584Z,2020-10-02T01:42:57.529Z
58216_001891,58216,1891,Sideline,2020-10-02T01:42:52.529Z,2020-10-02T01:43:03.584Z,2020-10-02T01:42:57.529Z
58216_001939,58216,1939,Endzone,2020-10-02T01:44:20.469Z,2020-10-02T01:44:31.791Z,2020-10-02T01:44:25.469Z
58216_001939,58216,1939,Sideline,2020-10-02T01:44:20.469Z,2020-10-02T01:44:31.791Z,2020-10-02T01:44:25.469Z
58217_002635,58217,2635,Endzone,2020-10-04T18:56:58.264Z,2020-10-04T18:57:10.568Z,2020-10-04T18:57:03.264Z
58217_002635,58217,2635,Sideline,2020-10-04T18:56:58.264Z,2020-10-04T18:57:10.568Z,2020-10-04T18:57:03.264Z
58218_001523,58218,1523,Endzone,2020-10-04T21:24:47.567Z,2020-10-04T21:24:58.236Z,2020-10-04T21:24:52.567Z
58218_001523,58218,1523,Sideline,2020-10-04T21:24:47.567Z,2020-10-04T21:24:58.236Z,2020-10-04T21:24:52.567Z
58218_003210,58218,3210,Endzone,2020-10-04T22:42:47.113Z,2020-10-04T22:42:58.550Z,2020-10-04T22:42:52.113Z
58218_003210,58218,3210,Sideline,2020-10-04T22:42:47.113Z,2020-10-04T22:42:58.550Z,2020-10-04T22:42:52.113Z
58219_000820,58219,820,Endzone,2020-10-04T17:34:42.979Z,2020-10-04T17:34:54.282Z,2020-10-04T17:34:47.979Z
58219_000820,58219,820,Sideline,2020-10-04T17:34:42.979Z,2020-10-04T17:34:54.282Z,2020-10-04T17:34:47.979Z
58219_002964,58219,2964,Endzone,2020-10-04T19:17:37.075Z,2020-10-04T19:17:53.684Z,2020-10-04T19:17:42.075Z
58219_002964,58219,2964,Sideline,2020-10-04T19:17:37.075Z,2020-10-04T19:17:53.684Z,2020-10-04T19:17:42.075Z
58220_002149,58220,2149,Endzone,2020-10-04T18:29:58.609Z,2020-10-04T18:30:12.682Z,2020-10-04T18:30:03.609Z
58220_002149,58220,2149,Sideline,2020-10-04T18:29:58.609Z,2020-10-04T18:30:12.682Z,2020-10-04T18:30:03.609Z
58221_001269,58221,1269,Endzone,2020-10-04T17:59:01.907Z,2020-10-04T17:59:16.079Z,2020-10-04T17:59:06.907Z
58221_001269,58221,1269,Sideline,2020-10-04T17:59:01.907Z,2020-10-04T17:59:16.079Z,2020-10-04T17:59:06.907Z
58224_000998,58224,998,Endzone,2020-10-04T17:46:44.958Z,2020-10-04T17:46:56.828Z,2020-10-04T17:46:49.958Z
58224_000998,58224,998,Sideline,2020-10-04T17:46:44.958Z,2020-10-04T17:46:56.828Z,2020-10-04T17:46:49.958Z
58224_001771,58224,1771,Endzone,2020-10-04T18:20:25.245Z,2020-10-04T18:20:37.964Z,2020-10-04T18:20:30.245Z
58224_001771,58224,1771,Sideline,2020-10-04T18:20:25.245Z,2020-10-04T18:20:37.964Z,2020-10-04T18:20:30.245Z
58224_002486,58224,2486,Endzone,2020-10-04T19:03:39.339Z,2020-10-04T19:03:50.909Z,2020-10-04T19:03:44.339Z
58224_002486,58224,2486,Sideline,2020-10-04T19:03:39.339Z,2020-10-04T19:03:50.909Z,2020-10-04T19:03:44.339Z
58224_003139,58224,3139,Endzone,2020-10-04T19:30:06.359Z,2020-10-04T19:30:24.703Z,2020-10-04T19:30:11.359Z
58224_003139,58224,3139,Sideline,2020-10-04T19:30:06.359Z,2020-10-04T19:30:24.703Z,2020-10-04T19:30:11.359Z
58225_003821,58225,3821,Endzone,2020-10-25T19:54:19.343Z,2020-10-25T19:54:30.313Z,2020-10-25T19:54:24.343Z
58225_003821,58225,3821,Sideline,2020-10-25T19:54:19.343Z,2020-10-25T19:54:30.313Z,2020-10-25T19:54:24.343Z
58226_000777,58226,777,Endzone,2020-10-04T17:30:58.562Z,2020-10-04T17:31:10.999Z,2020-10-04T17:31:03.562Z
58226_000777,58226,777,Sideline,2020-10-04T17:30:58.562Z,2020-10-04T17:31:10.999Z,2020-10-04T17:31:03.562Z
58226_001740,58226,1740,Endzone,2020-10-04T18:14:25.235Z,2020-10-04T18:14:36.367Z,2020-10-04T18:14:30.235Z
58226_001740,58226,1740,Sideline,2020-10-04T18:14:25.235Z,2020-10-04T18:14:36.367Z,2020-10-04T18:14:30.235Z
58226_003009,58226,3009,Endzone,2020-10-04T19:15:30.577Z,2020-10-04T19:15:43.581Z,2020-10-04T19:15:35.577Z
58226_003009,58226,3009,Sideline,2020-10-04T19:15:30.577Z,2020-10-04T19:15:43.581Z,2020-10-04T19:15:35.577Z
58227_000943,58227,943,Endzone,2020-10-04T20:44:08.876Z,2020-10-04T20:44:22.015Z,2020-10-04T20:44:13.876Z
58227_000943,58227,943,Sideline,2020-10-04T20:44:08.876Z,2020-10-04T20:44:22.015Z,2020-10-04T20:44:13.876Z
58233_001668,58233,1668,Endzone,2020-10-11T18:08:57.878Z,2020-10-11T18:09:11.959Z,2020-10-11T18:09:02.878Z
58233_001668,58233,1668,Sideline,2020-10-11T18:08:57.878Z,2020-10-11T18:09:11.959Z,2020-10-11T18:09:02.878Z
58240_000086,58240,86,Endzone,2020-10-13T23:06:44.419Z,2020-10-13T23:06:56.621Z,2020-10-13T23:06:49.419Z
58240_000086,58240,86,Sideline,2020-10-13T23:06:44.419Z,2020-10-13T23:06:56.621Z,2020-10-13T23:06:49.419Z
58241_001260,58241,1260,Endzone,2020-10-11T17:52:09.237Z,2020-10-11T17:52:21.675Z,2020-10-11T17:52:14.237Z
58241_001260,58241,1260,Sideline,2020-10-11T17:52:09.237Z,2020-10-11T17:52:21.675Z,2020-10-11T17:52:14.237Z
58245_002594,58245,2594,Endzone,2020-10-12T02:24:52.994Z,2020-10-12T02:25:04.639Z,2020-10-12T02:24:57.994Z
58245_002594,58245,2594,Sideline,2020-10-12T02:24:52.994Z,2020-10-12T02:25:04.639Z,2020-10-12T02:24:57.994Z
58247_003522,58247,3522,Endzone,2020-10-19T23:37:23.905Z,2020-10-19T23:37:35.587Z,2020-10-19T23:37:28.905Z
58247_003522,58247,3522,Sideline,2020-10-19T23:37:23.905Z,2020-10-19T23:37:35.587Z,2020-10-19T23:37:28.905Z
58251_002850,58251,2850,Endzone,2020-10-18T19:08:10.284Z,2020-10-18T19:08:23.189Z,2020-10-18T19:08:15.284Z
58251_002850,58251,2850,Sideline,2020-10-18T19:08:10.284Z,2020-10-18T19:08:23.189Z,2020-10-18T19:08:15.284Z
58254_002516,58254,2516,Endzone,2020-10-18T19:00:35.290Z,2020-10-18T19:00:48.462Z,2020-10-18T19:00:40.290Z
58254_002516,58254,2516,Sideline,2020-10-18T19:00:35.290Z,2020-10-18T19:00:48.462Z,2020-10-18T19:00:40.290Z
58255_002579,58255,2579,Endzone,2020-10-18T18:56:02.411Z,2020-10-18T18:56:14.712Z,2020-10-18T18:56:07.411Z
58255_002579,58255,2579,Sideline,2020-10-18T18:56:02.411Z,2020-10-18T18:56:14.712Z,2020-10-18T18:56:07.411Z
58255_003091,58255,3091,Endzone,2020-10-18T19:19:50.505Z,2020-10-18T19:20:03.183Z,2020-10-18T19:19:55.505Z
58255_003091,58255,3091,Sideline,2020-10-18T19:19:50.505Z,2020-10-18T19:20:03.183Z,2020-10-18T19:19:55.505Z
58257_001078,58257,1078,Endzone,2020-11-22T21:44:57.372Z,2020-11-22T21:45:09.376Z,2020-11-22T21:45:02.372Z
58257_001078,58257,1078,Sideline,2020-11-22T21:44:57.372Z,2020-11-22T21:45:09.376Z,2020-11-22T21:45:02.372Z
58257_003529,58257,3529,Endzone,2020-11-22T23:32:42.951Z,2020-11-22T23:32:55.355Z,2020-11-22T23:32:47.951Z
58257_003529,58257,3529,Sideline,2020-11-22T23:32:42.951Z,2020-11-22T23:32:55.355Z,2020-11-22T23:32:47.951Z
58260_001249,58260,1249,Endzone,2020-10-20T01:02:35.146Z,2020-10-20T01:02:46.916Z,2020-10-20T01:02:40.146Z
58260_001249,58260,1249,Sideline,2020-10-20T01:02:35.146Z,2020-10-20T01:02:46.916Z,2020-10-20T01:02:40.146Z
58261_000085,58261,85,Endzone,2020-10-23T00:23:36.613Z,2020-10-23T00:23:49.184Z,2020-10-23T00:23:41.613Z
58261_000085,58261,85,Sideline,2020-10-23T00:23:36.613Z,2020-10-23T00:23:49.184Z,2020-10-23T00:23:41.613Z
58261_002636,58261,2636,Endzone,2020-10-23T02:24:26.477Z,2020-10-23T02:24:37.280Z,2020-10-23T02:24:31.477Z
58261_002636,58261,2636,Sideline,2020-10-23T02:24:26.477Z,2020-10-23T02:24:37.280Z,2020-10-23T02:24:31.477Z
58266_000095,58266,95,Endzone,2020-11-15T21:07:16.247Z,2020-11-15T21:07:28.835Z,2020-11-15T21:07:21.247Z
58266_000095,58266,95,Sideline,2020-11-15T21:07:16.247Z,2020-11-15T21:07:28.835Z,2020-11-15T21:07:21.247Z
58267_001152,58267,1152,Endzone,2020-10-25T17:49:23.367Z,2020-10-25T17:49:37.340Z,2020-10-25T17:49:28.367Z
58267_001152,58267,1152,Sideline,2020-10-25T17:49:23.367Z,2020-10-25T17:49:37.340Z,2020-10-25T17:49:28.367Z
58270_002527,58270,2527,Endzone,2020-10-26T02:17:27.250Z,2020-10-26T02:17:40.050Z,2020-10-26T02:17:32.250Z
58270_002527,58270,2527,Sideline,2020-10-26T02:17:27.250Z,2020-10-26T02:17:40.050Z,2020-10-26T02:17:32.250Z
58273_003282,58273,3282,Endzone,2020-10-25T22:34:42.647Z,2020-10-25T22:35:00.224Z,2020-10-25T22:34:47.647Z
58273_003282,58273,3282,Sideline,2020-10-25T22:34:42.647Z,2020-10-25T22:35:00.224Z,2020-10-25T22:34:47.647Z
58273_003586,58273,3586,Endzone,2020-10-25T22:43:32.077Z,2020-10-25T22:43:43.279Z,2020-10-25T22:43:37.077Z
58273_003586,58273,3586,Sideline,2020-10-25T22:43:32.077Z,2020-10-25T22:43:43.279Z,2020-10-25T22:43:37.077Z
58274_001016,58274,1016,Endzone,2020-10-27T00:54:25.041Z,2020-10-27T00:54:36.945Z,2020-10-27T00:54:30.041Z
58274_001016,58274,1016,Sideline,2020-10-27T00:54:25.041Z,2020-10-27T00:54:36.945Z,2020-10-27T00:54:30.041Z
58279_002309,58279,2309,Endzone,2020-11-01T19:49:24.618Z,2020-11-01T19:49:37.857Z,2020-11-01T19:49:29.618Z
58279_002309,58279,2309,Sideline,2020-11-01T19:49:24.618Z,2020-11-01T19:49:37.857Z,2020-11-01T19:49:29.618Z
58281_000692,58281,692,Endzone,2020-11-01T18:25:32.972Z,2020-11-01T18:25:46.244Z,2020-11-01T18:25:37.972Z
58281_000692,58281,692,Sideline,2020-11-01T18:25:32.972Z,2020-11-01T18:25:46.244Z,2020-11-01T18:25:37.972Z
58281_002521,58281,2521,Endzone,2020-11-01T19:57:54.147Z,2020-11-01T19:58:07.052Z,2020-11-01T19:57:59.147Z
58281_002521,58281,2521,Sideline,2020-11-01T19:57:54.147Z,2020-11-01T19:58:07.052Z,2020-11-01T19:57:59.147Z
58282_000120,58282,120,Endzone,2020-11-01T18:05:32.403Z,2020-11-01T18:05:43.773Z,2020-11-01T18:05:37.403Z
58282_000120,58282,120,Sideline,2020-11-01T18:05:32.403Z,2020-11-01T18:05:43.773Z,2020-11-01T18:05:37.403Z
58282_001429,58282,1429,Endzone,2020-11-01T19:06:18.115Z,2020-11-01T19:06:30.887Z,2020-11-01T19:06:23.115Z
58282_001429,58282,1429,Sideline,2020-11-01T19:06:18.115Z,2020-11-01T19:06:30.887Z,2020-11-01T19:06:23.115Z
58282_004520,58282,4520,Endzone,2020-11-01T21:21:54.185Z,2020-11-01T21:22:08.291Z,2020-11-01T21:21:59.185Z
58282_004520,58282,4520,Sideline,2020-11-01T21:21:54.185Z,2020-11-01T21:22:08.291Z,2020-11-01T21:21:59.185Z
58284_002768,58284,2768,Endzone,2020-11-01T23:29:29.091Z,2020-11-01T23:29:40.966Z,2020-11-01T23:29:34.091Z
58284_002768,58284,2768,Sideline,2020-11-01T23:29:29.091Z,2020-11-01T23:29:40.966Z,2020-11-01T23:29:34.091Z
58285_004176,58285,4176,Endzone,2020-11-02T00:22:19.351Z,2020-11-02T00:22:31.321Z,2020-11-02T00:22:24.351Z
58285_004176,58285,4176,Sideline,2020-11-02T00:22:19.351Z,2020-11-02T00:22:31.321Z,2020-11-02T00:22:24.351Z
58290_000442,58290,442,Endzone,2020-11-08T18:18:48.305Z,2020-11-08T18:19:02.978Z,2020-11-08T18:18:53.305Z
58290_000442,58290,442,Sideline,2020-11-08T18:18:48.305Z,2020-11-08T18:19:02.978Z,2020-11-08T18:18:53.305Z
58291_001043,58291,1043,Endzone,2020-11-08T18:51:27.077Z,2020-11-08T18:51:41.783Z,2020-11-08T18:51:32.077Z
58291_001043,58291,1043,Sideline,2020-11-08T18:51:27.077Z,2020-11-08T18:51:41.783Z,2020-11-08T18:51:32.077Z
58291_001415,58291,1415,Endzone,2020-11-08T19:08:38.918Z,2020-11-08T19:08:52.038Z,2020-11-08T19:08:43.918Z
58291_001415,58291,1415,Sideline,2020-11-08T19:08:38.918Z,2020-11-08T19:08:52.038Z,2020-11-08T19:08:43.918Z
58293_000319,58293,319,Endzone,2020-11-08T18:11:00.799Z,2020-11-08T18:11:12.970Z,2020-11-08T18:11:05.799Z
58293_000319,58293,319,Sideline,2020-11-08T18:11:00.799Z,2020-11-08T18:11:12.970Z,2020-11-08T18:11:05.799Z
58295_003441,58295,3441,Endzone,2020-11-08T20:41:43.643Z,2020-11-08T20:41:55.719Z,2020-11-08T20:41:48.643Z
58295_003441,58295,3441,Sideline,2020-11-08T20:41:43.643Z,2020-11-08T20:41:55.719Z,2020-11-08T20:41:48.643Z
58297_002555,58297,2555,Endzone,2020-11-08T23:07:03.480Z,2020-11-08T23:07:16.152Z,2020-11-08T23:07:08.480Z
58297_002555,58297,2555,Sideline,2020-11-08T23:07:03.480Z,2020-11-08T23:07:16.152Z,2020-11-08T23:07:08.480Z
58301_000419,58301,419,Endzone,2020-11-10T01:29:47.702Z,2020-11-10T01:30:01.608Z,2020-11-10T01:29:52.702Z
58301_000419,58301,419,Sideline,2020-11-10T01:29:47.702Z,2020-11-10T01:30:01.608Z,2020-11-10T01:29:52.702Z
58301_000786,58301,786,Endzone,2020-11-10T01:48:12.574Z,2020-11-10T01:48:25.178Z,2020-11-10T01:48:17.574Z
58301_000786,58301,786,Sideline,2020-11-10T01:48:12.574Z,2020-11-10T01:48:25.178Z,2020-11-10T01:48:17.574Z
58301_002369,58301,2369,Endzone,2020-11-10T03:00:47.595Z,2020-11-10T03:00:58.432Z,2020-11-10T03:00:52.595Z
58301_002369,58301,2369,Sideline,2020-11-10T03:00:47.595Z,2020-11-10T03:00:58.432Z,2020-11-10T03:00:52.595Z
58301_002557,58301,2557,Endzone,2020-11-10T03:09:22.744Z,2020-11-10T03:09:34.581Z,2020-11-10T03:09:27.744Z
58301_002557,58301,2557,Sideline,2020-11-10T03:09:22.744Z,2020-11-10T03:09:34.581Z,2020-11-10T03:09:27.744Z
58301_003176,58301,3176,Endzone,2020-11-10T03:37:43.078Z,2020-11-10T03:37:58.452Z,2020-11-10T03:37:48.078Z
58301_003176,58301,3176,Sideline,2020-11-10T03:37:43.078Z,2020-11-10T03:37:58.452Z,2020-11-10T03:37:48.078Z
58302_003012,58302,3012,Endzone,2020-11-13T03:37:40.056Z,2020-11-13T03:37:52.694Z,2020-11-13T03:37:45.056Z
58302_003012,58302,3012,Sideline,2020-11-13T03:37:40.056Z,2020-11-13T03:37:52.694Z,2020-11-13T03:37:45.056Z
58302_004013,58302,4013,Endzone,2020-11-13T04:18:51.194Z,2020-11-13T04:19:02.298Z,2020-11-13T04:18:56.194Z
58302_004013,58302,4013,Sideline,2020-11-13T04:18:51.194Z,2020-11-13T04:19:02.298Z,2020-11-13T04:18:56.194Z
58306_002362,58306,2362,Endzone,2020-11-15T19:59:14.632Z,2020-11-15T19:59:26.102Z,2020-11-15T19:59:19.632Z
58306_002362,58306,2362,Sideline,2020-11-15T19:59:14.632Z,2020-11-15T19:59:26.102Z,2020-11-15T19:59:19.632Z
58308_000965,58308,965,Endzone,2020-11-15T22:07:00.167Z,2020-11-15T22:07:15.174Z,2020-11-15T22:07:05.167Z
58308_000965,58308,965,Sideline,2020-11-15T22:07:00.167Z,2020-11-15T22:07:15.174Z,2020-11-15T22:07:05.167Z
58308_004092,58308,4092,Endzone,2020-11-16T00:22:07.054Z,2020-11-16T00:22:19.570Z,2020-11-16T00:22:12.054Z
58308_004092,58308,4092,Sideline,2020-11-16T00:22:07.054Z,2020-11-16T00:22:19.570Z,2020-11-16T00:22:12.054Z
58311_001819,58311,1819,Endzone,2020-10-18T21:24:44.484Z,2020-10-18T21:24:58.123Z,2020-10-18T21:24:49.484Z
58311_001819,58311,1819,Sideline,2020-10-18T21:24:44.484Z,2020-10-18T21:24:58.123Z,2020-10-18T21:24:49.484Z
58311_002159,58311,2159,Endzone,2020-10-18T21:50:21.054Z,2020-10-18T21:50:38.381Z,2020-10-18T21:50:26.054Z
58311_002159,58311,2159,Sideline,2020-10-18T21:50:21.054Z,2020-10-18T21:50:38.381Z,2020-10-18T21:50:26.054Z
58311_002205,58311,2205,Endzone,2020-10-18T21:51:45.205Z,2020-10-18T21:51:56.475Z,2020-10-18T21:51:50.205Z
58311_002205,58311,2205,Sideline,2020-10-18T21:51:45.205Z,2020-10-18T21:51:56.475Z,2020-10-18T21:51:50.205Z
58314_003381,58314,3381,Endzone,2020-11-16T03:59:12.919Z,2020-11-16T03:59:26.391Z,2020-11-16T03:59:17.919Z
58314_003381,58314,3381,Sideline,2020-11-16T03:59:12.919Z,2020-11-16T03:59:26.391Z,2020-11-16T03:59:17.919Z
58316_002463,58316,2463,Endzone,2020-11-20T03:12:54.859Z,2020-11-20T03:13:08.216Z,2020-11-20T03:12:59.859Z
58316_002463,58316,2463,Sideline,2020-11-20T03:12:54.859Z,2020-11-20T03:13:08.216Z,2020-11-20T03:12:59.859Z
58316_004059,58316,4059,Endzone,2020-11-20T04:23:21.229Z,2020-11-20T04:23:33.533Z,2020-11-20T04:23:26.229Z
58316_004059,58316,4059,Sideline,2020-11-20T04:23:21.229Z,2020-11-20T04:23:33.533Z,2020-11-20T04:23:26.229Z
58316_004343,58316,4343,Endzone,2020-11-20T04:33:59.433Z,2020-11-20T04:34:08.063Z,2020-11-20T04:34:04.433Z
58316_004343,58316,4343,Sideline,2020-11-20T04:33:59.433Z,2020-11-20T04:34:08.063Z,2020-11-20T04:34:04.433Z
58321_004155,58321,4155,Endzone,2020-11-23T00:32:36.946Z,2020-11-23T00:32:47.849Z,2020-11-23T00:32:41.946Z
58321_004155,58321,4155,Sideline,2020-11-23T00:32:36.946Z,2020-11-23T00:32:47.849Z,2020-11-23T00:32:41.946Z
58325_003176,58325,3176,Endzone,2020-11-01T23:28:36.384Z,2020-11-01T23:28:49.623Z,2020-11-01T23:28:41.384Z
58325_003176,58325,3176,Sideline,2020-11-01T23:28:36.384Z,2020-11-01T23:28:49.623Z,2020-11-01T23:28:41.384Z
58325_003506,58325,3506,Endzone,2020-11-01T23:43:38.573Z,2020-11-01T23:43:50.657Z,2020-11-01T23:43:43.573Z
58325_003506,58325,3506,Sideline,2020-11-01T23:43:38.573Z,2020-11-01T23:43:50.657Z,2020-11-01T23:43:43.573Z
58326_001078,58326,1078,Endzone,2020-11-22T22:09:33.348Z,2020-11-22T22:09:45.019Z,2020-11-22T22:09:38.348Z
58326_001078,58326,1078,Sideline,2020-11-22T22:09:33.348Z,2020-11-22T22:09:45.019Z,2020-11-22T22:09:38.348Z
58326_002516,58326,2516,Endzone,2020-11-22T23:24:20.492Z,2020-11-22T23:24:35.466Z,2020-11-22T23:24:25.492Z
58326_002516,58326,2516,Sideline,2020-11-22T23:24:20.492Z,2020-11-22T23:24:35.466Z,2020-11-22T23:24:25.492Z
58327_004116,58327,4116,Endzone,2020-11-23T04:25:27.835Z,2020-11-23T04:25:36.436Z,2020-11-23T04:25:32.835Z
58327_004116,58327,4116,Sideline,2020-11-23T04:25:27.835Z,2020-11-23T04:25:36.436Z,2020-11-23T04:25:32.835Z
58329_002938,58329,2938,Endzone,2020-11-26T19:54:20.677Z,2020-11-26T19:54:33.549Z,2020-11-26T19:54:25.677Z
58329_002938,58329,2938,Sideline,2020-11-26T19:54:20.677Z,2020-11-26T19:54:33.549Z,2020-11-26T19:54:25.677Z
58330_000759,58330,759,Endzone,2020-11-26T22:07:11.245Z,2020-11-26T22:07:24.316Z,2020-11-26T22:07:16.245Z
58330_000759,58330,759,Sideline,2020-11-26T22:07:11.245Z,2020-11-26T22:07:24.316Z,2020-11-26T22:07:16.245Z
58331_001797,58331,1797,Endzone,2020-12-02T21:56:19.540Z,2020-12-02T21:56:32.244Z,2020-12-02T21:56:24.540Z
58331_001797,58331,1797,Sideline,2020-12-02T21:56:19.540Z,2020-12-02T21:56:32.244Z,2020-12-02T21:56:24.540Z
58332_003535,58332,3535,Endzone,2020-11-29T20:47:36.660Z,2020-11-29T20:47:49.041Z,2020-11-29T20:47:41.660Z
58332_003535,58332,3535,Sideline,2020-11-29T20:47:36.660Z,2020-11-29T20:47:49.041Z,2020-11-29T20:47:41.660Z
58336_000203,58336,203,Endzone,2020-11-29T18:08:10.517Z,2020-11-29T18:08:25.459Z,2020-11-29T18:08:15.517Z
58336_000203,58336,203,Sideline,2020-11-29T18:08:10.517Z,2020-11-29T18:08:25.459Z,2020-11-29T18:08:15.517Z
58341_002805,58341,2805,Endzone,2020-11-29T23:14:08.103Z,2020-11-29T23:14:19.963Z,2020-11-29T23:14:13.103Z
58341_002805,58341,2805,Sideline,2020-11-29T23:14:08.103Z,2020-11-29T23:14:19.963Z,2020-11-29T23:14:13.103Z
58346_000251,58346,251,Endzone,2020-12-06T18:11:27.137Z,2020-12-06T18:11:38.539Z,2020-12-06T18:11:32.137Z
58346_000251,58346,251,Sideline,2020-12-06T18:11:27.137Z,2020-12-06T18:11:38.539Z,2020-12-06T18:11:32.137Z
58346_002013,58346,2013,Endzone,2020-12-06T19:23:38.234Z,2020-12-06T19:23:49.705Z,2020-12-06T19:23:43.234Z
58346_002013,58346,2013,Sideline,2020-12-06T19:23:38.234Z,2020-12-06T19:23:49.705Z,2020-12-06T19:23:43.234Z
58348_003069,58348,3069,Endzone,2020-12-06T20:20:09.704Z,2020-12-06T20:20:22.206Z,2020-12-06T20:20:14.704Z
58348_003069,58348,3069,Sideline,2020-12-06T20:20:09.704Z,2020-12-06T20:20:22.206Z,2020-12-06T20:20:14.704Z
58348_004222,58348,4222,Endzone,2020-12-06T21:06:27.648Z,2020-12-06T21:06:41.054Z,2020-12-06T21:06:32.648Z
58348_004222,58348,4222,Sideline,2020-12-06T21:06:27.648Z,2020-12-06T21:06:41.054Z,2020-12-06T21:06:32.648Z
58354_002499,58354,2499,Endzone,2020-12-06T22:55:27.315Z,2020-12-06T22:55:43.523Z,2020-12-06T22:55:32.314Z
58354_002499,58354,2499,Sideline,2020-12-06T22:55:27.315Z,2020-12-06T22:55:43.523Z,2020-12-06T22:55:32.314Z
58362_003882,58362,3882,Endzone,2020-12-13T20:53:11.609Z,2020-12-13T20:53:24.178Z,2020-12-13T20:53:16.609Z
58362_003882,58362,3882,Sideline,2020-12-13T20:53:11.609Z,2020-12-13T20:53:24.178Z,2020-12-13T20:53:16.609Z
58366_001484,58366,1484,Endzone,2020-12-13T19:09:18.826Z,2020-12-13T19:09:31.029Z,2020-12-13T19:09:23.826Z
58366_001484,58366,1484,Sideline,2020-12-13T19:09:18.826Z,2020-12-13T19:09:31.029Z,2020-12-13T19:09:23.826Z
58368_003010,58368,3010,Endzone,2020-12-13T20:24:18.523Z,2020-12-13T20:24:29.759Z,2020-12-13T20:24:23.523Z
58368_003010,58368,3010,Sideline,2020-12-13T20:24:18.523Z,2020-12-13T20:24:29.759Z,2020-12-13T20:24:23.523Z
58368_003163,58368,3163,Endzone,2020-12-13T20:31:08.717Z,2020-12-13T20:31:21.209Z,2020-12-13T20:31:13.717Z
58368_003163,58368,3163,Sideline,2020-12-13T20:31:08.717Z,2020-12-13T20:31:21.209Z,2020-12-13T20:31:13.717Z
58377_003872,58377,3872,Endzone,2020-12-20T00:30:54.770Z,2020-12-20T00:31:07.679Z,2020-12-20T00:30:59.770Z
58377_003872,58377,3872,Sideline,2020-12-20T00:30:54.770Z,2020-12-20T00:31:07.679Z,2020-12-20T00:30:59.770Z
58382_000973,58382,973,Endzone,2020-12-20T18:43:49.666Z,2020-12-20T18:44:01.957Z,2020-12-20T18:43:54.666Z
58382_000973,58382,973,Sideline,2020-12-20T18:43:49.666Z,2020-12-20T18:44:01.957Z,2020-12-20T18:43:54.666Z
58384_000142,58384,142,Endzone,2020-12-20T18:05:53.498Z,2020-12-20T18:06:05.927Z,2020-12-20T18:05:58.498Z
58384_000142,58384,142,Sideline,2020-12-20T18:05:53.498Z,2020-12-20T18:06:05.927Z,2020-12-20T18:05:58.498Z
58387_000381,58387,381,Endzone,2020-12-20T18:15:04.821Z,2020-12-20T18:15:16.855Z,2020-12-20T18:15:09.821Z
58387_000381,58387,381,Sideline,2020-12-20T18:15:04.821Z,2020-12-20T18:15:16.855Z,2020-12-20T18:15:09.821Z
58387_001481,58387,1481,Endzone,2020-12-20T19:00:48.630Z,2020-12-20T19:01:01.269Z,2020-12-20T19:00:53.630Z
58387_001481,58387,1481,Sideline,2020-12-20T19:00:48.630Z,2020-12-20T19:01:01.269Z,2020-12-20T19:00:53.630Z
58399_000570,58399,570,Endzone,2020-12-27T18:23:48.789Z,2020-12-27T18:24:02.795Z,2020-12-27T18:23:53.789Z
58399_000570,58399,570,Sideline,2020-12-27T18:23:48.789Z,2020-12-27T18:24:02.795Z,2020-12-27T18:23:53.789Z
58401_001720,58401,1720,Endzone,2020-12-27T19:09:32.344Z,2020-12-27T19:09:45.816Z,2020-12-27T19:09:37.344Z
58401_001720,58401,1720,Sideline,2020-12-27T19:09:32.344Z,2020-12-27T19:09:45.816Z,2020-12-27T19:09:37.344Z
58401_002419,58401,2419,Endzone,2020-12-27T19:49:30.453Z,2020-12-27T19:49:43.270Z,2020-12-27T19:49:35.453Z
58401_002419,58401,2419,Sideline,2020-12-27T19:49:30.453Z,2020-12-27T19:49:43.270Z,2020-12-27T19:49:35.453Z
58403_001076,58403,1076,Endzone,2020-12-27T21:47:52.852Z,2020-12-27T21:48:04.022Z,2020-12-27T21:47:57.852Z
58403_001076,58403,1076,Sideline,2020-12-27T21:47:52.852Z,2020-12-27T21:48:04.022Z,2020-12-27T21:47:57.852Z
58406_000188,58406,188,Endzone,2020-12-28T01:27:47.727Z,2020-12-28T01:28:01.304Z,2020-12-28T01:27:52.727Z
58406_000188,58406,188,Sideline,2020-12-28T01:27:47.727Z,2020-12-28T01:28:01.304Z,2020-12-28T01:27:52.727Z
58407_001855,58407,1855,Endzone,2020-12-29T02:30:24.342Z,2020-12-29T02:30:37.080Z,2020-12-29T02:30:29.342Z
58407_001855,58407,1855,Sideline,2020-12-29T02:30:24.342Z,2020-12-29T02:30:37.080Z,2020-12-29T02:30:29.342Z
58414_000727,58414,727,Endzone,2021-01-03T21:52:29.313Z,2021-01-03T21:52:41.444Z,2021-01-03T21:52:34.313Z
58414_000727,58414,727,Sideline,2021-01-03T21:52:29.313Z,2021-01-03T21:52:41.444Z,2021-01-03T21:52:34.313Z
58414_002210,58414,2210,Endzone,2021-01-03T23:10:15.342Z,2021-01-03T23:10:31.284Z,2021-01-03T23:10:20.342Z
58414_002210,58414,2210,Sideline,2021-01-03T23:10:15.342Z,2021-01-03T23:10:31.284Z,2021-01-03T23:10:20.342Z
58415_003155,58415,3155,Endzone,2021-01-03T20:31:33.396Z,2021-01-03T20:31:49.370Z,2021-01-03T20:31:38.396Z
58415_003155,58415,3155,Sideline,2021-01-03T20:31:33.396Z,2021-01-03T20:31:49.370Z,2021-01-03T20:31:38.396Z
58418_000608,58418,608,Endzone,2021-01-03T18:23:50.355Z,2021-01-03T18:24:02.999Z,2021-01-03T18:23:55.355Z
58418_000608,58418,608,Sideline,2021-01-03T18:23:50.355Z,2021-01-03T18:24:02.999Z,2021-01-03T18:23:55.355Z
58418_000637,58418,637,Endzone,2021-01-03T18:24:32.463Z,2021-01-03T18:24:48.538Z,2021-01-03T18:24:37.463Z
58418_000637,58418,637,Sideline,2021-01-03T18:24:32.463Z,2021-01-03T18:24:48.538Z,2021-01-03T18:24:37.463Z
58418_000886,58418,886,Endzone,2021-01-03T18:37:02.413Z,2021-01-03T18:37:15.552Z,2021-01-03T18:37:07.413Z
58418_000886,58418,886,Sideline,2021-01-03T18:37:02.413Z,2021-01-03T18:37:15.552Z,2021-01-03T18:37:07.413Z
58418_002446,58418,2446,Endzone,2021-01-03T19:54:47.378Z,2021-01-03T19:54:58.945Z,2021-01-03T19:54:52.378Z
58418_002446,58418,2446,Sideline,2021-01-03T19:54:47.378Z,2021-01-03T19:54:58.945Z,2021-01-03T19:54:52.378Z
58422_001140,58422,1140,Endzone,2021-01-03T22:11:50.536Z,2021-01-03T22:12:05.527Z,2021-01-03T22:11:55.536Z
58422_001140,58422,1140,Sideline,2021-01-03T22:11:50.536Z,2021-01-03T22:12:05.527Z,2021-01-03T22:11:55.536Z
58422_001959,58422,1959,Endzone,2021-01-03T22:45:17.659Z,2021-01-03T22:45:29.348Z,2021-01-03T22:45:22.659Z
58422_001959,58422,1959,Sideline,2021-01-03T22:45:17.659Z,2021-01-03T22:45:29.348Z,2021-01-03T22:45:22.659Z
58422_003849,58422,3849,Endzone,2021-01-04T00:16:18.520Z,2021-01-04T00:16:32.558Z,2021-01-04T00:16:23.520Z
58422_003849,58422,3849,Sideline,2021-01-04T00:16:18.520Z,2021-01-04T00:16:32.558Z,2021-01-04T00:16:23.520Z
58491_000084,58491,84,Endzone,2021-01-10T01:16:36.369Z,2021-01-10T01:16:50.375Z,2021-01-10T01:16:41.369Z
58491_000084,58491,84,Sideline,2021-01-10T01:16:36.369Z,2021-01-10T01:16:50.375Z,2021-01-10T01:16:41.369Z
58491_001948,58491,1948,Endzone,2021-01-10T02:41:27.510Z,2021-01-10T02:41:39.247Z,2021-01-10T02:41:32.509Z
58491_001948,58491,1948,Sideline,2021-01-10T02:41:27.510Z,2021-01-10T02:41:39.247Z,2021-01-10T02:41:32.509Z
58503_000869,58503,869,Endzone,2021-09-10T00:57:48.176Z,2021-09-10T00:58:02.816Z,2021-09-10T00:57:53.176Z
58503_000869,58503,869,Sideline,2021-09-10T00:57:48.176Z,2021-09-10T00:58:02.816Z,2021-09-10T00:57:53.176Z
58503_003486,58503,3486,Endzone,2021-09-10T03:00:39.414Z,2021-09-10T03:00:52.595Z,2021-09-10T03:00:44.414Z
58503_003486,58503,3486,Sideline,2021-09-10T03:00:39.414Z,2021-09-10T03:00:52.595Z,2021-09-10T03:00:44.414Z
58504_002063,58504,2063,Endzone,2021-09-12T18:21:47.392Z,2021-09-12T18:22:01.932Z,2021-09-12T18:21:52.392Z
58504_002063,58504,2063,Sideline,2021-09-12T18:21:47.392Z,2021-09-12T18:22:01.932Z,2021-09-12T18:21:52.392Z
58504_002631,58504,2631,Endzone,2021-09-12T18:54:02.494Z,2021-09-12T18:54:16.166Z,2021-09-12T18:54:07.494Z
58504_002631,58504,2631,Sideline,2021-09-12T18:54:02.494Z,2021-09-12T18:54:16.166Z,2021-09-12T18:54:07.494Z
58504_003623,58504,3623,Endzone,2021-09-12T19:35:45.130Z,2021-09-12T19:35:58.681Z,2021-09-12T19:35:50.130Z
58504_003623,58504,3623,Sideline,2021-09-12T19:35:45.130Z,2021-09-12T19:35:58.681Z,2021-09-12T19:35:50.130Z
58506_001241,58506,1241,Endzone,2021-09-12T18:00:08.143Z,2021-09-12T18:00:23.251Z,2021-09-12T18:00:13.143Z
58506_001241,58506,1241,Sideline,2021-09-12T18:00:08.143Z,2021-09-12T18:00:23.251Z,2021-09-12T18:00:13.143Z
58506_002821,58506,2821,Endzone,2021-09-12T19:22:33.211Z,2021-09-12T19:22:45.602Z,2021-09-12T19:22:38.211Z
58506_002821,58506,2821,Sideline,2021-09-12T19:22:33.211Z,2021-09-12T19:22:45.602Z,2021-09-12T19:22:38.211Z
58507_003903,58507,3903,Endzone,2021-09-12T19:59:56.973Z,2021-09-12T20:00:11.008Z,2021-09-12T20:00:01.973Z
58507_003903,58507,3903,Sideline,2021-09-12T19:59:56.973Z,2021-09-12T20:00:11.008Z,2021-09-12T20:00:01.973Z
58508_001718,58508,1718,Endzone,2021-09-12T18:19:54.356Z,2021-09-12T18:20:06.524Z,2021-09-12T18:19:59.356Z
58508_001718,58508,1718,Sideline,2021-09-12T18:19:54.356Z,2021-09-12T18:20:06.524Z,2021-09-12T18:19:59.356Z
58509_003605,58509,3605,Endzone,2021-09-12T19:48:10.295Z,2021-09-12T19:48:23.334Z,2021-09-12T19:48:15.295Z
58509_003605,58509,3605,Sideline,2021-09-12T19:48:10.295Z,2021-09-12T19:48:23.334Z,2021-09-12T19:48:15.295Z
58510_000152,58510,152,Endzone,2021-09-12T17:10:02.363Z,2021-09-12T17:10:16.736Z,2021-09-12T17:10:07.363Z
58510_000152,58510,152,Sideline,2021-09-12T17:10:02.363Z,2021-09-12T17:10:16.736Z,2021-09-12T17:10:07.363Z
58510_000855,58510,855,Endzone,2021-09-12T17:41:24.991Z,2021-09-12T17:41:37.295Z,2021-09-12T17:41:29.991Z
58510_000855,58510,855,Sideline,2021-09-12T17:41:24.991Z,2021-09-12T17:41:37.295Z,2021-09-12T17:41:29.991Z
58511_000863,58511,863,Endzone,2021-09-12T17:42:59.383Z,2021-09-12T17:43:10.153Z,2021-09-12T17:43:04.383Z
58511_000863,58511,863,Sideline,2021-09-12T17:42:59.383Z,2021-09-12T17:43:10.153Z,2021-09-12T17:43:04.383Z
58511_003245,58511,3245,Endzone,2021-09-12T19:35:54.425Z,2021-09-12T19:36:06.963Z,2021-09-12T19:35:59.425Z
58511_003245,58511,3245,Sideline,2021-09-12T19:35:54.425Z,2021-09-12T19:36:06.963Z,2021-09-12T19:35:59.425Z
58512_002068,58512,2068,Endzone,2021-09-12T18:25:20.505Z,2021-09-12T18:25:31.320Z,2021-09-12T18:25:25.505Z
58512_002068,58512,2068,Sideline,2021-09-12T18:25:20.505Z,2021-09-12T18:25:31.320Z,2021-09-12T18:25:25.505Z
58514_000929,58514,929,Endzone,2021-09-12T21:01:16.983Z,2021-09-12T21:01:30.622Z,2021-09-12T21:01:21.983Z
58514_000929,58514,929,Sideline,2021-09-12T21:01:16.983Z,2021-09-12T21:01:30.622Z,2021-09-12T21:01:21.983Z
58514_001989,58514,1989,Endzone,2021-09-12T21:48:28.414Z,2021-09-12T21:48:42.420Z,2021-09-12T21:48:33.414Z
58514_001989,58514,1989,Sideline,2021-09-12T21:48:28.414Z,2021-09-12T21:48:42.420Z,2021-09-12T21:48:33.414Z
58514_003151,58514,3151,Endzone,2021-09-12T22:48:29.349Z,2021-09-12T22:48:39.317Z,2021-09-12T22:48:34.349Z
58514_003151,58514,3151,Sideline,2021-09-12T22:48:29.349Z,2021-09-12T22:48:39.317Z,2021-09-12T22:48:34.349Z
58516_003014,58516,3014,Endzone,2021-09-12T22:46:32.728Z,2021-09-12T22:46:46.734Z,2021-09-12T22:46:37.728Z
58516_003014,58516,3014,Sideline,2021-09-12T22:46:32.728Z,2021-09-12T22:46:46.734Z,2021-09-12T22:46:37.728Z
58516_003538,58516,3538,Endzone,2021-09-12T23:11:01.030Z,2021-09-12T23:11:14.473Z,2021-09-12T23:11:06.030Z
58516_003538,58516,3538,Sideline,2021-09-12T23:11:01.030Z,2021-09-12T23:11:14.473Z,2021-09-12T23:11:06.030Z
58517_001943,58517,1943,Endzone,2021-09-13T02:00:17.439Z,2021-09-13T02:00:29.009Z,2021-09-13T02:00:22.439Z
58517_001943,58517,1943,Sideline,2021-09-13T02:00:17.439Z,2021-09-13T02:00:29.009Z,2021-09-13T02:00:22.439Z
58517_003494,58517,3494,Endzone,2021-09-13T03:03:50.635Z,2021-09-13T03:04:04.340Z,2021-09-13T03:03:55.635Z
58517_003494,58517,3494,Sideline,2021-09-13T03:03:50.635Z,2021-09-13T03:04:04.340Z,2021-09-13T03:03:55.635Z
58518_003619,58518,3619,Endzone,2021-09-14T03:06:35.138Z,2021-09-14T03:06:46.842Z,2021-09-14T03:06:40.138Z
58518_003619,58518,3619,Sideline,2021-09-14T03:06:35.138Z,2021-09-14T03:06:46.842Z,2021-09-14T03:06:40.138Z
58519_003798,58519,3798,Endzone,2021-09-17T03:13:15.087Z,2021-09-17T03:13:31.829Z,2021-09-17T03:13:20.087Z
58519_003798,58519,3798,Sideline,2021-09-17T03:13:15.087Z,2021-09-17T03:13:31.829Z,2021-09-17T03:13:20.087Z
58520_002380,58520,2380,Endzone,2021-09-19T18:54:43.066Z,2021-09-19T18:54:55.704Z,2021-09-19T18:54:48.066Z
58520_002380,58520,2380,Sideline,2021-09-19T18:54:43.066Z,2021-09-19T18:54:55.704Z,2021-09-19T18:54:48.066Z
58524_000212,58524,212,Endzone,2021-09-19T17:07:16.015Z,2021-09-19T17:07:28.186Z,2021-09-19T17:07:21.015Z
58524_000212,58524,212,Sideline,2021-09-19T17:07:16.015Z,2021-09-19T17:07:28.186Z,2021-09-19T17:07:21.015Z
58524_002909,58524,2909,Endzone,2021-09-19T19:21:41.447Z,2021-09-19T19:22:02.671Z,2021-09-19T19:21:46.447Z
58524_002909,58524,2909,Sideline,2021-09-19T19:21:41.447Z,2021-09-19T19:22:02.671Z,2021-09-19T19:21:46.447Z
58524_003049,58524,3049,Endzone,2021-09-19T19:30:18.932Z,2021-09-19T19:30:32.570Z,2021-09-19T19:30:23.932Z
58524_003049,58524,3049,Sideline,2021-09-19T19:30:18.932Z,2021-09-19T19:30:32.570Z,2021-09-19T19:30:23.932Z
58524_003113,58524,3113,Endzone,2021-09-19T19:32:24.657Z,2021-09-19T19:32:38.363Z,2021-09-19T19:32:29.657Z
58524_003113,58524,3113,Sideline,2021-09-19T19:32:24.657Z,2021-09-19T19:32:38.363Z,2021-09-19T19:32:29.657Z
58525_001428,58525,1428,Endzone,2021-09-19T18:02:10.084Z,2021-09-19T18:02:23.957Z,2021-09-19T18:02:15.084Z
58525_001428,58525,1428,Sideline,2021-09-19T18:02:10.084Z,2021-09-19T18:02:23.957Z,2021-09-19T18:02:15.084Z
58525_003852,58525,3852,Endzone,2021-09-19T20:03:30.298Z,2021-09-19T20:03:41.660Z,2021-09-19T20:03:35.298Z
58525_003852,58525,3852,Sideline,2021-09-19T20:03:30.298Z,2021-09-19T20:03:41.660Z,2021-09-19T20:03:35.298Z
58526_001849,58526,1849,Endzone,2021-09-19T18:21:59.249Z,2021-09-19T18:22:07.901Z,2021-09-19T18:22:04.249Z
58526_001849,58526,1849,Sideline,2021-09-19T18:21:59.249Z,2021-09-19T18:22:07.901Z,2021-09-19T18:22:04.249Z
58527_000757,58527,757,Endzone,2021-09-19T17:33:03.966Z,2021-09-19T17:33:18.439Z,2021-09-19T17:33:08.966Z
58527_000757,58527,757,Sideline,2021-09-19T17:33:03.966Z,2021-09-19T17:33:18.439Z,2021-09-19T17:33:08.966Z
58527_002375,58527,2375,Endzone,2021-09-19T18:54:08.197Z,2021-09-19T18:54:21.235Z,2021-09-19T18:54:13.197Z
58527_002375,58527,2375,Sideline,2021-09-19T18:54:08.197Z,2021-09-19T18:54:21.235Z,2021-09-19T18:54:13.197Z
58528_000317,58528,317,Endzone,2021-09-19T17:15:13.127Z,2021-09-19T17:15:26.222Z,2021-09-19T17:15:18.127Z
58528_000317,58528,317,Sideline,2021-09-19T17:15:13.127Z,2021-09-19T17:15:26.222Z,2021-09-19T17:15:18.127Z
58529_001441,58529,1441,Endzone,2021-09-19T21:04:07.690Z,2021-09-19T21:04:20.234Z,2021-09-19T21:04:12.690Z
58529_001441,58529,1441,Sideline,2021-09-19T21:04:07.690Z,2021-09-19T21:04:20.234Z,2021-09-19T21:04:12.690Z
58529_001853,58529,1853,Endzone,2021-09-19T21:27:26.856Z,2021-09-19T21:27:39.094Z,2021-09-19T21:27:31.856Z
58529_001853,58529,1853,Sideline,2021-09-19T21:27:26.856Z,2021-09-19T21:27:39.094Z,2021-09-19T21:27:31.856Z
58530_001942,58530,1942,Endzone,2021-09-19T21:25:14.898Z,2021-09-19T21:25:26.135Z,2021-09-19T21:25:19.898Z
58530_001942,58530,1942,Sideline,2021-09-19T21:25:14.898Z,2021-09-19T21:25:26.135Z,2021-09-19T21:25:19.898Z
58535_002015,58535,2015,Endzone,2021-09-24T01:55:02.093Z,2021-09-24T01:55:13.330Z,2021-09-24T01:55:07.093Z
58535_002015,58535,2015,Sideline,2021-09-24T01:55:02.093Z,2021-09-24T01:55:13.330Z,2021-09-24T01:55:07.093Z
58536_002108,58536,2108,Endzone,2021-09-26T18:32:46.546Z,2021-09-26T18:32:59.456Z,2021-09-26T18:32:51.546Z
58536_002108,58536,2108,Sideline,2021-09-26T18:32:46.546Z,2021-09-26T18:32:59.456Z,2021-09-26T18:32:51.546Z
58537_000757,58537,757,Endzone,2021-09-26T17:30:56.856Z,2021-09-26T17:31:19.037Z,2021-09-26T17:31:01.856Z
58537_000757,58537,757,Sideline,2021-09-26T17:30:56.856Z,2021-09-26T17:31:19.037Z,2021-09-26T17:31:01.856Z
58537_003722,58537,3722,Endzone,2021-09-26T19:45:37.804Z,2021-09-26T19:45:50.033Z,2021-09-26T19:45:42.804Z
58537_003722,58537,3722,Sideline,2021-09-26T19:45:37.804Z,2021-09-26T19:45:50.033Z,2021-09-26T19:45:42.804Z
58538_002774,58538,2774,Endzone,2021-09-26T19:07:03.961Z,2021-09-26T19:07:15.087Z,2021-09-26T19:07:08.961Z
58538_002774,58538,2774,Sideline,2021-09-26T19:07:03.961Z,2021-09-26T19:07:15.087Z,2021-09-26T19:07:08.961Z
58540_002206,58540,2206,Endzone,2021-09-26T18:45:57.210Z,2021-09-26T18:46:09.133Z,2021-09-26T18:46:02.210Z
58540_002206,58540,2206,Sideline,2021-09-26T18:45:57.210Z,2021-09-26T18:46:09.133Z,2021-09-26T18:46:02.210Z
58540_002625,58540,2625,Endzone,2021-09-26T19:03:18.084Z,2021-09-26T19:03:35.294Z,2021-09-26T19:03:23.084Z
58540_002625,58540,2625,Sideline,2021-09-26T19:03:18.084Z,2021-09-26T19:03:35.294Z,2021-09-26T19:03:23.084Z
58541_000795,58541,795,Endzone,2021-09-26T17:34:23.419Z,2021-09-26T17:34:39.761Z,2021-09-26T17:34:28.419Z
58541_000795,58541,795,Sideline,2021-09-26T17:34:23.419Z,2021-09-26T17:34:39.761Z,2021-09-26T17:34:28.419Z
58543_000962,58543,962,Endzone,2021-09-26T17:40:52.755Z,2021-09-26T17:41:05.729Z,2021-09-26T17:40:57.755Z
58543_000962,58543,962,Sideline,2021-09-26T17:40:52.755Z,2021-09-26T17:41:05.729Z,2021-09-26T17:40:57.755Z
58544_002496,58544,2496,Endzone,2021-09-26T19:06:51.102Z,2021-09-26T19:07:03.707Z,2021-09-26T19:06:56.102Z
58544_002496,58544,2496,Sideline,2021-09-26T19:06:51.102Z,2021-09-26T19:07:03.707Z,2021-09-26T19:06:56.102Z
58545_000874,58545,874,Endzone,2021-09-26T20:44:29.871Z,2021-09-26T20:44:42.042Z,2021-09-26T20:44:34.871Z
58545_000874,58545,874,Sideline,2021-09-26T20:44:29.871Z,2021-09-26T20:44:42.042Z,2021-09-26T20:44:34.871Z
58546_002764,58546,2764,Endzone,2021-09-26T22:10:43.185Z,2021-09-26T22:10:58.059Z,2021-09-26T22:10:48.185Z
58546_002764,58546,2764,Sideline,2021-09-26T22:10:43.185Z,2021-09-26T22:10:58.059Z,2021-09-26T22:10:48.185Z
58546_003306,58546,3306,Endzone,2021-09-26T22:34:57.673Z,2021-09-26T22:35:11.746Z,2021-09-26T22:35:02.673Z
58546_003306,58546,3306,Sideline,2021-09-26T22:34:57.673Z,2021-09-26T22:35:11.746Z,2021-09-26T22:35:02.673Z
58548_003091,58548,3091,Endzone,2021-09-26T22:52:30.802Z,2021-09-26T22:52:46.142Z,2021-09-26T22:52:35.802Z
58548_003091,58548,3091,Sideline,2021-09-26T22:52:30.802Z,2021-09-26T22:52:46.142Z,2021-09-26T22:52:35.802Z
58550_001554,58550,1554,Endzone,2021-09-28T01:17:37.331Z,2021-09-28T01:17:47.900Z,2021-09-28T01:17:42.331Z
58550_001554,58550,1554,Sideline,2021-09-28T01:17:37.331Z,2021-09-28T01:17:47.900Z,2021-09-28T01:17:42.331Z
58550_002742,58550,2742,Endzone,2021-09-28T02:27:30.160Z,2021-09-28T02:27:41.964Z,2021-09-28T02:27:35.160Z
58550_002742,58550,2742,Sideline,2021-09-28T02:27:30.160Z,2021-09-28T02:27:41.964Z,2021-09-28T02:27:35.160Z
58551_003569,58551,3569,Endzone,2021-10-01T03:18:49.595Z,2021-10-01T03:19:02.472Z,2021-10-01T03:18:54.595Z
58551_003569,58551,3569,Sideline,2021-10-01T03:18:49.595Z,2021-10-01T03:19:02.472Z,2021-10-01T03:18:54.595Z
58552_000100,58552,100,Endzone,2021-10-03T17:04:22.650Z,2021-10-03T17:04:34.058Z,2021-10-03T17:04:27.650Z
58552_000100,58552,100,Sideline,2021-10-03T17:04:22.650Z,2021-10-03T17:04:34.058Z,2021-10-03T17:04:27.650Z
58552_000452,58552,452,Endzone,2021-10-03T17:16:43.457Z,2021-10-03T17:16:56.810Z,2021-10-03T17:16:48.457Z
58552_000452,58552,452,Sideline,2021-10-03T17:16:43.457Z,2021-10-03T17:16:56.810Z,2021-10-03T17:16:48.457Z
58552_002943,58552,2943,Endzone,2021-10-03T19:12:01.375Z,2021-10-03T19:12:13.014Z,2021-10-03T19:12:06.375Z
58552_002943,58552,2943,Sideline,2021-10-03T19:12:01.375Z,2021-10-03T19:12:13.014Z,2021-10-03T19:12:06.375Z
58552_004264,58552,4264,Endzone,2021-10-03T20:12:01.275Z,2021-10-03T20:12:13.002Z,2021-10-03T20:12:06.275Z
58552_004264,58552,4264,Sideline,2021-10-03T20:12:01.275Z,2021-10-03T20:12:13.002Z,2021-10-03T20:12:06.275Z
58553_001995,58553,1995,Endzone,2021-10-03T18:27:29.044Z,2021-10-03T18:27:39.980Z,2021-10-03T18:27:34.044Z
58553_001995,58553,1995,Sideline,2021-10-03T18:27:29.044Z,2021-10-03T18:27:39.980Z,2021-10-03T18:27:34.044Z
58553_003801,58553,3801,Endzone,2021-10-03T19:57:50.165Z,2021-10-03T19:58:05.106Z,2021-10-03T19:57:55.165Z
58553_003801,58553,3801,Sideline,2021-10-03T19:57:50.165Z,2021-10-03T19:58:05.106Z,2021-10-03T19:57:55.165Z
58555_002451,58555,2451,Endzone,2021-10-03T18:56:40.563Z,2021-10-03T18:56:51.862Z,2021-10-03T18:56:45.563Z
58555_002451,58555,2451,Sideline,2021-10-03T18:56:40.563Z,2021-10-03T18:56:51.862Z,2021-10-03T18:56:45.563Z
58555_002563,58555,2563,Endzone,2021-10-03T19:05:35.264Z,2021-10-03T19:05:46.701Z,2021-10-03T19:05:40.264Z
58555_002563,58555,2563,Sideline,2021-10-03T19:05:35.264Z,2021-10-03T19:05:46.701Z,2021-10-03T19:05:40.264Z
58555_003204,58555,3204,Endzone,2021-10-03T19:37:05.955Z,2021-10-03T19:37:18.126Z,2021-10-03T19:37:10.955Z
58555_003204,58555,3204,Sideline,2021-10-03T19:37:05.955Z,2021-10-03T19:37:18.126Z,2021-10-03T19:37:10.955Z
58557_000463,58557,463,Endzone,2021-10-03T17:17:10.726Z,2021-10-03T17:17:23.297Z,2021-10-03T17:17:15.726Z
58557_000463,58557,463,Sideline,2021-10-03T17:17:10.726Z,2021-10-03T17:17:23.297Z,2021-10-03T17:17:15.726Z
58558_000573,58558,573,Endzone,2021-10-03T17:22:23.324Z,2021-10-03T17:22:34.928Z,2021-10-03T17:22:28.324Z
58558_000573,58558,573,Sideline,2021-10-03T17:22:23.324Z,2021-10-03T17:22:34.928Z,2021-10-03T17:22:28.324Z
58560_001856,58560,1856,Endzone,2021-10-03T18:11:47.698Z,2021-10-03T18:12:00.508Z,2021-10-03T18:11:52.698Z
58560_001856,58560,1856,Sideline,2021-10-03T18:11:47.698Z,2021-10-03T18:12:00.508Z,2021-10-03T18:11:52.698Z
58561_003088,58561,3088,Endzone,2021-10-03T22:15:02.065Z,2021-10-03T22:15:14.603Z,2021-10-03T22:15:07.065Z
58561_003088,58561,3088,Sideline,2021-10-03T22:15:02.065Z,2021-10-03T22:15:14.603Z,2021-10-03T22:15:07.065Z
58564_000126,58564,126,Endzone,2021-10-03T20:28:03.422Z,2021-10-03T20:28:15.359Z,2021-10-03T20:28:08.422Z
58564_000126,58564,126,Sideline,2021-10-03T20:28:03.422Z,2021-10-03T20:28:15.359Z,2021-10-03T20:28:08.422Z
58564_000452,58564,452,Endzone,2021-10-03T20:38:40.126Z,2021-10-03T20:38:51.429Z,2021-10-03T20:38:45.126Z
58564_000452,58564,452,Sideline,2021-10-03T20:38:40.126Z,2021-10-03T20:38:51.429Z,2021-10-03T20:38:45.126Z
58565_001768,58565,1768,Endzone,2021-10-04T01:27:40.056Z,2021-10-04T01:27:51.407Z,2021-10-04T01:27:45.056Z
58565_001768,58565,1768,Sideline,2021-10-04T01:27:40.056Z,2021-10-04T01:27:51.407Z,2021-10-04T01:27:45.056Z
58565_003743,58565,3743,Endzone,2021-10-04T03:10:52.957Z,2021-10-04T03:11:06.463Z,2021-10-04T03:10:57.957Z
58565_003743,58565,3743,Sideline,2021-10-04T03:10:52.957Z,2021-10-04T03:11:06.463Z,2021-10-04T03:10:57.957Z
58567_004074,58567,4074,Endzone,2021-10-08T03:27:09.352Z,2021-10-08T03:27:24.783Z,2021-10-08T03:27:14.352Z
58567_004074,58567,4074,Sideline,2021-10-08T03:27:09.352Z,2021-10-08T03:27:24.783Z,2021-10-08T03:27:14.352Z
58568_002209,58568,2209,Endzone,2021-10-10T15:14:53.863Z,2021-10-10T15:15:03.999Z,2021-10-10T15:14:58.863Z
58568_002209,58568,2209,Sideline,2021-10-10T15:14:53.863Z,2021-10-10T15:15:03.999Z,2021-10-10T15:14:58.863Z
58571_002679,58571,2679,Endzone,2021-10-10T19:06:35.986Z,2021-10-10T19:06:50.593Z,2021-10-10T19:06:40.986Z
58571_002679,58571,2679,Sideline,2021-10-10T19:06:35.986Z,2021-10-10T19:06:50.593Z,2021-10-10T19:06:40.986Z
58573_000445,58573,445,Endzone,2021-10-10T17:16:41.465Z,2021-10-10T17:16:53.936Z,2021-10-10T17:16:46.465Z
58573_000445,58573,445,Sideline,2021-10-10T17:16:41.465Z,2021-10-10T17:16:53.936Z,2021-10-10T17:16:46.465Z
58573_002569,58573,2569,Endzone,2021-10-10T19:00:59.990Z,2021-10-10T19:01:11.761Z,2021-10-10T19:01:04.990Z
58573_002569,58573,2569,Sideline,2021-10-10T19:00:59.990Z,2021-10-10T19:01:11.761Z,2021-10-10T19:01:04.990Z
58574_002922,58574,2922,Endzone,2021-10-10T19:25:10.880Z,2021-10-10T19:25:24.852Z,2021-10-10T19:25:15.880Z
58574_002922,58574,2922,Sideline,2021-10-10T19:25:10.880Z,2021-10-10T19:25:24.852Z,2021-10-10T19:25:15.880Z
58575_003081,58575,3081,Endzone,2021-10-10T19:21:47.820Z,2021-10-10T19:22:00.044Z,2021-10-10T19:21:52.820Z
58575_003081,58575,3081,Sideline,2021-10-10T19:21:47.820Z,2021-10-10T19:22:00.044Z,2021-10-10T19:21:52.820Z
58577_002486,58577,2486,Endzone,2021-10-10T22:00:13.426Z,2021-10-10T22:00:26.656Z,2021-10-10T22:00:18.426Z
58577_002486,58577,2486,Sideline,2021-10-10T22:00:13.426Z,2021-10-10T22:00:26.656Z,2021-10-10T22:00:18.426Z
58579_003527,58579,3527,Endzone,2021-10-10T23:14:11.711Z,2021-10-10T23:14:24.767Z,2021-10-10T23:14:16.711Z
58579_003527,58579,3527,Sideline,2021-10-10T23:14:11.711Z,2021-10-10T23:14:24.767Z,2021-10-10T23:14:16.711Z
58580_001136,58580,1136,Endzone,2021-10-10T21:08:26.732Z,2021-10-10T21:08:39.203Z,2021-10-10T21:08:31.732Z
58580_001136,58580,1136,Sideline,2021-10-10T21:08:26.732Z,2021-10-10T21:08:39.203Z,2021-10-10T21:08:31.732Z
58580_003294,58580,3294,Endzone,2021-10-10T22:49:20.085Z,2021-10-10T22:49:33.891Z,2021-10-10T22:49:25.085Z
58580_003294,58580,3294,Sideline,2021-10-10T22:49:20.085Z,2021-10-10T22:49:33.891Z,2021-10-10T22:49:25.085Z
58581_000040,58581,40,Endzone,2021-10-11T00:22:39.997Z,2021-10-11T00:22:52.068Z,2021-10-11T00:22:44.997Z
58581_000040,58581,40,Sideline,2021-10-11T00:22:39.997Z,2021-10-11T00:22:52.068Z,2021-10-11T00:22:44.997Z
58582_003121,58582,3121,Endzone,2021-10-12T02:42:15.078Z,2021-10-12T02:42:29.118Z,2021-10-12T02:42:20.078Z
58582_003121,58582,3121,Sideline,2021-10-12T02:42:15.078Z,2021-10-12T02:42:29.118Z,2021-10-12T02:42:20.078Z
